year,gpu_name_clean,retail_price,used_price,wattage,vram,3dmark
2022,radeon rx 6800 xt,814.0,489.0,300.0,16.0,19187
2022,geforce gtx 1650,132.0,105.0,75.0,4.0,3552
2022,geforce gtx 1650,139.0,198.0,75.0,4.0,3552
2022,geforce rtx 3090,1490.0,797.0,350.0,24.0,19901
2022,geforce rtx 3060,367.0,255.0,170.0,12.0,8739
2022,geforce rtx 3060,362.0,264.0,170.0,12.0,8739
2022,radeon rx 6900 xt,1107.0,669.0,300.0,16.0,20621
2022,geforce gtx 1060,259.0,107.0,120.0,6.0,4215
2022,radeon rx 6500 xt,164.0,131.0,107.0,4.0,4973
2022,geforce gtx 1060,259.0,197.0,120.0,6.0,4215
2022,radeon rx 6900 xt,999.0,684.0,300.0,16.0,20621
2022,radeon rx 6500 xt,174.0,136.0,107.0,4.0,4973
2022,geforce rtx 3080 ti,1159.0,758.0,350.0,12.0,19592
2022,geforce rtx 3080 ti,1149.0,818.0,350.0,12.0,19592
2022,radeon rx 6800,539.0,415.0,250.0,16.0,15972
2022,geforce rtx 3060 ti,439.0,287.0,200.0,8.0,11744
2022,radeon rx 6750 xt,469.0,448.0,250.0,12.0,13595
2022,radeon rx 6600,242.0,214.0,132.0,8.0,8158
2022,radeon rx 6750 xt,518.0,448.0,250.0,12.0,13595
2022,geforce rtx 3050,295.0,245.0,130.0,8.0,6205
2022,geforce rtx 2060,379.0,184.0,160.0,6.0,7601
2022,radeon rx 6650 xt,304.0,375.0,176.0,8.0,10027
2022,radeon rx 6650 xt,299.0,299.0,176.0,8.0,10027
2022,geforce gtx 1660 ti,431.0,148.0,120.0,6.0,6373
2022,radeon rx 6600 xt,352.0,207.0,160.0,8.0,9707
2022,radeon rx 6700 xt,379.0,290.0,230.0,12.0,12808
2022,geforce gtx 1660 ti,259.0,207.0,120.0,6.0,6373
2022,radeon rx 6800,539.0,429.0,250.0,16.0,15972
2022,radeon rx 6600 xt,347.0,266.0,160.0,8.0,9707
2022,geforce rtx 2080 ti,799.0,418.0,250.0,11.0,14628
2022,geforce rtx 2080 ti,1859.0,387.0,250.0,11.0,14628
2022,geforce rtx 4090,2079.0,2119.0,450.0,24.0,35966
2022,geforce gtx 1660 super,290.0,135.0,125.0,6.0,6078
2022,geforce gtx 1660 super,195.0,203.0,125.0,6.0,6078
2022,geforce rtx 3050,309.0,255.0,130.0,8.0,6205
2022,radeon rx 6600,263.0,178.0,132.0,8.0,8158
2022,radeon rx 6700 xt,372.0,292.0,230.0,12.0,12808
2022,geforce rtx 3060 ti,514.0,296.0,200.0,8.0,11744
2022,geforce rtx 3090,1489.0,768.0,350.0,24.0,19901
2022,geforce rtx 2060,329.0,199.0,160.0,6.0,7601
2022,geforce rtx 3070,569.0,344.0,220.0,8.0,13663
2022,radeon rx 6400,149.0,130.0,53.0,4.0,3622
2022,geforce rtx 3070 ti,718.0,468.0,290.0,8.0,14831
2022,geforce rtx 3070 ti,679.0,462.0,290.0,8.0,14831
2022,radeon rx 580,159.0,193.0,185.0,8.0,4346
2022,radeon rx 6400,142.0,130.0,53.0,4.0,3622
2022,radeon rx 6800 xt,1009.0,538.0,300.0,16.0,19187
2022,radeon rx 580,134.0,89.0,185.0,8.0,4346
2022,geforce rtx 3080,790.0,546.0,320.0,10.0,17656
2022,geforce rtx 3080,903.0,535.0,320.0,10.0,17656
2022,geforce rtx 3070,581.0,349.0,220.0,8.0,13663
2023,geforce rtx 4070 ti,829.0,737.0,285.0,12.0,22706
2023,radeon rx 6750 xt,453.0,436.0,250.0,12.0,13595
2023,geforce rtx 4070,599.0,730.0,200.0,12.0,17846
2023,geforce rtx 4070,599.0,612.0,200.0,12.0,17846
2023,radeon rx 6750 xt,441.0,466.0,250.0,12.0,13595
2023,geforce rtx 4070,628.0,0.0,200.0,12.0,17846
2023,radeon rx 6800 xt,500.0,396.0,300.0,16.0,19187
2023,radeon rx 6750 xt,431.0,427.0,250.0,12.0,13595
2023,radeon rx 6750 xt,428.0,496.0,250.0,12.0,13595
2023,geforce rtx 4060 ti,381.0,387.0,160.0,8.0,13462
2023,geforce rtx 4060 ti,370.0,349.0,160.0,8.0,13462
2023,geforce rtx 3080,939.0,513.0,320.0,10.0,17656
2023,radeon rx 6750 xt,405.0,369.0,250.0,12.0,13595
2023,geforce rtx 4060 ti,371.0,371.0,160.0,8.0,13462
2023,geforce rtx 3080,926.0,495.0,320.0,10.0,17656
2023,geforce rtx 4060 ti,382.0,394.0,160.0,8.0,13462
2023,radeon rx 6750 xt,368.0,395.0,250.0,12.0,13595
2023,geforce rtx 4060 ti,376.0,0.0,160.0,8.0,13462
2023,geforce rtx 4060 ti,383.0,0.0,160.0,8.0,13462
2023,radeon rx 6750 xt,363.0,363.0,250.0,12.0,13595
2023,geforce rtx 4060 ti,385.0,0.0,160.0,8.0,13462
2023,radeon rx 6750 xt,466.0,340.0,250.0,12.0,13595
2023,geforce rtx 4070 ti,790.0,726.0,285.0,12.0,22706
2023,radeon rx 6750 xt,359.0,318.0,250.0,12.0,13595
2023,geforce rtx 4070,596.0,666.0,200.0,12.0,17846
2023,radeon rx 6800 xt,517.0,431.0,300.0,16.0,19187
2023,geforce rtx 4070,596.0,571.0,200.0,12.0,17846
2023,geforce rtx 3070 ti,494.0,335.0,290.0,8.0,14831
2023,radeon rx 6700 xt,376.0,277.0,230.0,12.0,12808
2023,geforce rtx 4070 ti,821.0,789.0,285.0,12.0,22706
2023,geforce rtx 4070 ti,816.0,0.0,285.0,12.0,22706
2023,radeon rx 6700 xt,361.0,263.0,230.0,12.0,12808
2023,radeon rx 6700 xt,354.0,264.0,230.0,12.0,12808
2023,radeon rx 6700 xt,373.0,283.0,230.0,12.0,12808
2023,radeon rx 6700 xt,437.0,259.0,230.0,12.0,12808
2023,radeon rx 6700 xt,400.0,258.0,230.0,12.0,12808
2023,radeon rx 6700 xt,340.0,253.0,230.0,12.0,12808
2023,radeon rx 6700 xt,318.0,237.0,230.0,12.0,12808
2023,radeon rx 6800 xt,524.0,417.0,300.0,16.0,19187
2023,geforce rtx 4070 ti,825.0,810.0,285.0,12.0,22706
2023,geforce rtx 4070 ti,802.0,732.0,285.0,12.0,22706
2023,geforce rtx 3070 ti,504.0,329.0,290.0,8.0,14831
2023,radeon rx 6700 xt,385.0,293.0,230.0,12.0,12808
2023,geforce rtx 4070,546.0,544.0,200.0,12.0,17846
2023,radeon rx 6700 xt,311.0,237.0,230.0,12.0,12808
2023,geforce rtx 4070,540.0,533.0,200.0,12.0,17846
2023,geforce rtx 4070 ti,787.0,750.0,285.0,12.0,22706
2023,radeon rx 6750 xt,354.0,301.0,250.0,12.0,13595
2023,geforce rtx 3070 ti,506.0,321.0,290.0,8.0,14831
2023,geforce rtx 3070 ti,527.0,329.0,290.0,8.0,14831
2023,geforce rtx 4070,572.0,484.0,200.0,12.0,17846
2023,radeon rx 6700 xt,323.0,265.0,230.0,12.0,12808
2023,geforce rtx 4070 ti,797.0,740.0,285.0,12.0,22706
2023,geforce rtx 4070,550.0,531.0,200.0,12.0,17846
2023,radeon rx 6800 xt,866.0,527.0,300.0,16.0,19187
2023,radeon rx 6800 xt,574.0,441.0,300.0,16.0,19187
2023,geforce rtx 3080,822.0,379.0,320.0,10.0,17656
2023,geforce rtx 3090,1345.0,678.0,350.0,24.0,19901
2023,radeon rx 6800 xt,597.0,467.0,300.0,16.0,19187
2023,radeon rx 6800,502.0,367.0,250.0,16.0,15972
2023,geforce rtx 3080,616.0,386.0,320.0,10.0,17656
2023,geforce rtx 3090,1223.0,684.0,350.0,24.0,19901
2023,geforce rtx 3090,1430.0,737.0,350.0,24.0,19901
2023,radeon rx 6800,441.0,353.0,250.0,16.0,15972
2023,geforce rtx 3080,669.0,382.0,320.0,10.0,17656
2023,radeon rx 6800 xt,659.0,471.0,300.0,16.0,19187
2023,geforce rtx 3080 ti,894.0,545.0,350.0,12.0,19592
2023,geforce rtx 3080 ti,880.0,517.0,350.0,12.0,19592
2023,geforce rtx 3080,703.0,367.0,320.0,10.0,17656
2023,radeon rx 6800,412.0,335.0,250.0,16.0,15972
2023,geforce rtx 3080 ti,850.0,493.0,350.0,12.0,19592
2023,geforce rtx 3080 ti,930.0,535.0,350.0,12.0,19592
2023,geforce rtx 3080 ti,894.0,514.0,350.0,12.0,19592
2023,radeon rx 6800,455.0,320.0,250.0,16.0,15972
2023,geforce rtx 3080 ti,989.0,560.0,350.0,12.0,19592
2023,geforce rtx 3080 ti,1038.0,562.0,350.0,12.0,19592
2023,geforce rtx 3080,679.0,372.0,320.0,10.0,17656
2023,radeon rx 6800 xt,705.0,480.0,300.0,16.0,19187
2023,geforce rtx 3080 ti,983.0,575.0,350.0,12.0,19592
2023,radeon rx 6400,147.0,110.0,53.0,4.0,3622
2023,radeon rx 6800,416.0,352.0,250.0,16.0,15972
2023,geforce rtx 3080 ti,1235.0,589.0,350.0,12.0,19592
2023,geforce rtx 3080 ti,1169.0,603.0,350.0,12.0,19592
2023,geforce rtx 3090,1056.0,673.0,350.0,24.0,19901
2023,radeon rx 6800,528.0,370.0,250.0,16.0,15972
2023,geforce rtx 3090,928.0,681.0,350.0,24.0,19901
2023,geforce rtx 3080,884.0,390.0,320.0,10.0,17656
2023,geforce rtx 3080 ti,1190.0,650.0,350.0,12.0,19592
2023,geforce rtx 3080,881.0,466.0,320.0,10.0,17656
2023,geforce rtx 4060,293.0,338.0,115.0,8.0,10630
2023,geforce rtx 3080,896.0,438.0,320.0,10.0,17656
2023,radeon rx 6750 xt,341.0,317.0,250.0,12.0,13595
2023,geforce rtx 4060,298.0,585.0,115.0,8.0,10630
2023,geforce rtx 4060,291.0,0.0,115.0,8.0,10630
2023,radeon rx 6800 xt,527.0,434.0,300.0,16.0,19187
2023,geforce rtx 4060,297.0,0.0,115.0,8.0,10630
2023,geforce rtx 3080,875.0,411.0,320.0,10.0,17656
2023,radeon rx 6750 xt,341.0,334.0,250.0,12.0,13595
2023,geforce rtx 4060,299.0,0.0,115.0,8.0,10630
2023,geforce rtx 3080,869.0,397.0,320.0,10.0,17656
2023,geforce rtx 4060,298.0,311.0,115.0,8.0,10630
2023,radeon rx 6800,536.0,425.0,250.0,16.0,15972
2023,radeon rx 6800,578.0,384.0,250.0,16.0,15972
2023,geforce rtx 3090,1854.0,693.0,350.0,24.0,19901
2023,geforce rtx 3090,1862.0,664.0,350.0,24.0,19901
2023,radeon rx 6700 xt,405.0,296.0,230.0,12.0,12808
2023,radeon rx 6800,572.0,388.0,250.0,16.0,15972
2023,geforce rtx 3090,1511.0,606.0,350.0,24.0,19901
2023,geforce rtx 3090,1323.0,610.0,350.0,24.0,19901
2023,radeon rx 6800,535.0,381.0,250.0,16.0,15972
2023,geforce rtx 3090,954.0,675.0,350.0,24.0,19901
2023,geforce rtx 3090,1077.0,682.0,350.0,24.0,19901
2023,radeon rx 6800 xt,529.0,448.0,300.0,16.0,19187
2023,radeon rx 6800,493.0,358.0,250.0,16.0,15972
2023,geforce rtx 3090,1025.0,663.0,350.0,24.0,19901
2023,radeon rx 6800,536.0,406.0,250.0,16.0,15972
2023,geforce rtx 4060,291.0,285.0,115.0,8.0,10630
2023,geforce rtx 4090,1678.0,1357.0,450.0,24.0,35966
2023,geforce rtx 4070 ti,771.0,681.0,285.0,12.0,22706
2023,radeon rx 6500 xt,163.0,88.0,107.0,4.0,4973
2023,radeon rx 550,113.0,56.0,50.0,4.0,1195
2023,radeon rx 550,101.0,50.0,50.0,4.0,1195
2023,radeon rx 6500 xt,185.0,88.0,107.0,4.0,4973
2023,radeon rx 550,94.0,49.0,50.0,4.0,1195
2023,radeon rx 550,90.0,51.0,50.0,4.0,1195
2023,radeon rx 6500 xt,174.0,83.0,107.0,4.0,4973
2023,radeon rx 6500 xt,177.0,93.0,107.0,4.0,4973
2023,radeon rx 550,87.0,50.0,50.0,4.0,1195
2023,radeon rx 6500 xt,150.0,107.0,107.0,4.0,4973
2023,radeon rx 550,83.0,50.0,50.0,4.0,1195
2023,radeon rx 550,81.0,50.0,50.0,4.0,1195
2023,radeon rx 6500 xt,156.0,126.0,107.0,4.0,4973
2023,radeon rx 550,0.0,0.0,50.0,4.0,1195
2023,radeon rx 550,89.0,50.0,50.0,4.0,1195
2023,radeon rx 460,0.0,0.0,75.0,4.0,1760
2023,radeon rx 460,0.0,0.0,75.0,4.0,1760
2023,radeon rx 460,217.0,59.0,75.0,4.0,1760
2023,radeon rx 6600,252.0,158.0,132.0,8.0,8158
2023,radeon r9 380,0.0,0.0,190.0,4.0,2754
2023,radeon r9 380,0.0,0.0,190.0,4.0,2754
2023,radeon rx 6600,262.0,176.0,132.0,8.0,8158
2023,radeon rx 6600,269.0,170.0,132.0,8.0,8158
2023,radeon rx 460,0.0,65.0,75.0,4.0,1760
2023,radeon rx 460,329.0,60.0,75.0,4.0,1760
2023,radeon rx 6600,278.0,180.0,132.0,8.0,8158
2023,radeon rx 460,329.0,73.0,75.0,4.0,1760
2023,radeon rx 460,218.0,59.0,75.0,4.0,1760
2023,radeon rx 6500 xt,169.0,92.0,107.0,4.0,4973
2023,radeon rx 460,223.0,59.0,75.0,4.0,1760
2023,radeon rx 460,217.0,59.0,75.0,4.0,1760
2023,radeon rx 460,219.0,58.0,75.0,4.0,1760
2023,radeon rx 6500 xt,169.0,89.0,107.0,4.0,4973
2023,radeon rx 550,0.0,0.0,50.0,4.0,1195
2023,radeon r9 380,239.0,50.0,190.0,4.0,2754
2023,radeon rx 6500 xt,164.0,108.0,107.0,4.0,4973
2023,radeon rx 560,170.0,68.0,80.0,4.0,1860
2023,radeon rx 580,95.0,70.0,185.0,8.0,4346
2023,radeon rx 580,92.0,57.0,185.0,8.0,4346
2023,radeon rx 6400,135.0,115.0,53.0,4.0,3622
2023,radeon rx 580,93.0,52.0,185.0,8.0,4346
2023,radeon rx 580,90.0,55.0,185.0,8.0,4346
2023,radeon rx 6400,141.0,124.0,53.0,4.0,3622
2023,radeon rx 6400,135.0,113.0,53.0,4.0,3622
2023,radeon rx 580,89.0,55.0,185.0,8.0,4346
2023,radeon rx 6400,136.0,114.0,53.0,4.0,3622
2023,radeon rx 580,125.0,55.0,185.0,8.0,4346
2023,radeon rx 580,0.0,60.0,185.0,8.0,4346
2023,radeon rx 6400,136.0,119.0,53.0,4.0,3622
2023,radeon rx 6400,140.0,124.0,53.0,4.0,3622
2023,radeon rx 6400,146.0,137.0,53.0,4.0,3622
2023,radeon rx 580,126.0,54.0,185.0,8.0,4346
2023,radeon rx 580,99.0,60.0,185.0,8.0,4346
2023,radeon rx 580,109.0,60.0,185.0,8.0,4346
2023,radeon rx 6400,138.0,100.0,53.0,4.0,3622
2023,radeon rx 560,152.0,60.0,80.0,4.0,1860
2023,radeon rx 6500 xt,172.0,115.0,107.0,4.0,4973
2023,radeon rx 560,144.0,68.0,80.0,4.0,1860
2023,radeon rx 560,112.0,63.0,80.0,4.0,1860
2023,radeon rx 6500 xt,173.0,124.0,107.0,4.0,4973
2023,radeon rx 560,113.0,56.0,80.0,4.0,1860
2023,radeon rx 560,115.0,52.0,80.0,4.0,1860
2023,radeon rx 6400,154.0,107.0,53.0,4.0,3622
2023,radeon rx 560,121.0,51.0,80.0,4.0,1860
2023,radeon rx 560,157.0,50.0,80.0,4.0,1860
2023,radeon rx 560,0.0,0.0,80.0,4.0,1860
2023,radeon rx 6400,159.0,110.0,53.0,4.0,3622
2023,radeon rx 560,0.0,0.0,80.0,4.0,1860
2023,radeon rx 580,119.0,75.0,185.0,8.0,4346
2023,radeon rx 580,121.0,71.0,185.0,8.0,4346
2023,radeon rx 6500 xt,169.0,118.0,107.0,4.0,4973
2023,geforce rtx 4070 ti,794.0,736.0,285.0,12.0,22706
2023,radeon r9 380,242.0,50.0,190.0,4.0,2754
2023,radeon r9 380,241.0,50.0,190.0,4.0,2754
2023,geforce rtx 4090,1601.0,1456.0,450.0,24.0,35966
2023,radeon rx 6600 xt,383.0,163.0,160.0,8.0,9707
2023,geforce rtx 4090,1598.0,1439.0,450.0,24.0,35966
2023,geforce rtx 4090,1596.0,1411.0,450.0,24.0,35966
2023,geforce rtx 4090,1609.0,1475.0,450.0,24.0,35966
2023,radeon rx 6600 xt,405.0,163.0,160.0,8.0,9707
2023,geforce rtx 4090,1633.0,1506.0,450.0,24.0,35966
2023,geforce rtx 4090,1668.0,1541.0,450.0,24.0,35966
2023,radeon rx 6600 xt,286.0,159.0,160.0,8.0,9707
2023,geforce rtx 4090,1927.0,1791.0,450.0,24.0,35966
2023,geforce rtx 4090,2049.0,1820.0,450.0,24.0,35966
2023,radeon rx 6600 xt,311.0,165.0,160.0,8.0,9707
2023,radeon rx 6600 xt,279.0,170.0,160.0,8.0,9707
2023,radeon r7 360,0.0,41.0,100.0,2.0,1368
2023,radeon rx 7900 xtx,961.0,936.0,355.0,24.0,29246
2023,geforce rtx 4090,1662.0,1615.0,450.0,24.0,35966
2023,radeon rx 6600 xt,536.0,174.0,160.0,8.0,9707
2023,geforce rtx 4090,1684.0,1687.0,450.0,24.0,35966
2023,radeon rx 6650 xt,246.0,227.0,176.0,8.0,10027
2023,geforce rtx 4070 ti,768.0,686.0,285.0,12.0,22706
2023,geforce rtx 4070 ti,776.0,700.0,285.0,12.0,22706
2023,radeon rx 6650 xt,227.0,199.0,176.0,8.0,10027
2023,radeon rx 6650 xt,232.0,194.0,176.0,8.0,10027
2023,radeon rx 6650 xt,255.0,224.0,176.0,8.0,10027
2023,geforce rtx 3070 ti,501.0,325.0,290.0,8.0,14831
2023,radeon rx 6650 xt,254.0,246.0,176.0,8.0,10027
2023,radeon rx 6650 xt,246.0,258.0,176.0,8.0,10027
2023,radeon rx 6650 xt,272.0,249.0,176.0,8.0,10027
2023,radeon rx 6650 xt,300.0,246.0,176.0,8.0,10027
2023,radeon rx 6650 xt,299.0,284.0,176.0,8.0,10027
2023,radeon rx 6650 xt,302.0,299.0,176.0,8.0,10027
2023,radeon rx 6650 xt,313.0,271.0,176.0,8.0,10027
2023,geforce rtx 4090,1998.0,1921.0,450.0,24.0,35966
2023,radeon r7 360,0.0,46.0,100.0,2.0,1368
2023,radeon rx 6600,215.0,157.0,132.0,8.0,8158
2023,radeon rx 6600 xt,260.0,178.0,160.0,8.0,9707
2023,radeon r7 360,146.0,50.0,100.0,2.0,1368
2023,radeon r9 370,228.0,60.0,150.0,4.0,1456
2023,radeon r9 370,229.0,95.0,150.0,4.0,1456
2023,radeon rx 6600,211.0,130.0,132.0,8.0,8158
2023,radeon r9 370,0.0,0.0,150.0,4.0,1456
2023,radeon r9 370,0.0,0.0,150.0,4.0,1456
2023,radeon rx 6600,209.0,133.0,132.0,8.0,8158
2023,radeon r9 370,227.0,60.0,150.0,4.0,1456
2023,radeon rx 6600,236.0,139.0,132.0,8.0,8158
2023,radeon r9 380,459.0,49.0,190.0,4.0,2754
2023,radeon rx 6600,222.0,140.0,132.0,8.0,8158
2023,radeon r9 380,459.0,61.0,190.0,4.0,2754
2023,radeon r9 380,238.0,51.0,190.0,4.0,2754
2023,radeon rx 6600,202.0,137.0,132.0,8.0,8158
2023,radeon r9 380,293.0,51.0,190.0,4.0,2754
2023,radeon r9 380,0.0,52.0,190.0,4.0,2754
2023,radeon rx 6600,194.0,137.0,132.0,8.0,8158
2023,radeon r9 370,228.0,60.0,150.0,4.0,1456
2023,radeon r9 370,225.0,60.0,150.0,4.0,1456
2023,radeon rx 6600 xt,268.0,191.0,160.0,8.0,9707
2023,radeon r7 360,0.0,55.0,100.0,2.0,1368
2023,radeon r7 360,0.0,55.0,100.0,2.0,1368
2023,radeon rx 6600 xt,295.0,194.0,160.0,8.0,9707
2023,radeon r7 360,0.0,52.0,100.0,2.0,1368
2023,radeon r7 360,146.0,55.0,100.0,2.0,1368
2023,radeon rx 6600 xt,311.0,205.0,160.0,8.0,9707
2023,radeon r7 360,0.0,0.0,100.0,2.0,1368
2023,radeon r7 360,0.0,0.0,100.0,2.0,1368
2023,radeon rx 6600 xt,321.0,203.0,160.0,8.0,9707
2023,radeon rx 6600 xt,346.0,205.0,160.0,8.0,9707
2023,radeon r9 370,0.0,151.0,150.0,4.0,1456
2023,radeon r9 370,149.0,60.0,150.0,4.0,1456
2023,radeon rx 6600,198.0,142.0,132.0,8.0,8158
2023,radeon r9 370,149.0,65.0,150.0,4.0,1456
2023,radeon r7 360,0.0,52.0,100.0,2.0,1368
2023,radeon rx 6650 xt,250.0,242.0,176.0,8.0,10027
2023,geforce rtx 3080 ti,1217.0,701.0,350.0,12.0,19592
2023,radeon rx 6400,145.0,137.0,53.0,4.0,3622
2023,geforce gtx 1060,195.0,66.0,120.0,6.0,4215
2023,geforce rtx 2080 ti,1411.0,326.0,250.0,11.0,14628
2023,geforce gtx 1060,323.0,66.0,120.0,6.0,4215
2023,radeon rx 7900 xt,805.0,798.0,315.0,20.0,25617
2023,geforce rtx 2080 ti,1455.0,332.0,250.0,11.0,14628
2023,geforce gtx 1060,359.0,62.0,120.0,6.0,4215
2023,geforce rtx 2080 ti,728.0,345.0,250.0,11.0,14628
2023,geforce gtx 1060,284.0,52.0,120.0,6.0,4215
2023,radeon rx 7900 xt,861.0,758.0,315.0,20.0,25617
2023,geforce rtx 2080 ti,999.0,350.0,250.0,11.0,14628
2023,geforce gtx 1060,184.0,61.0,120.0,6.0,4215
2023,geforce rtx 2080 ti,0.0,350.0,250.0,11.0,14628
2023,geforce rtx 2080 ti,999.0,356.0,250.0,11.0,14628
2023,geforce gtx 1060,0.0,65.0,120.0,6.0,4215
2023,radeon rx 7900 xt,826.0,705.0,315.0,20.0,25617
2023,geforce rtx 2080 ti,1521.0,366.0,250.0,11.0,14628
2023,geforce gtx 1060,0.0,68.0,120.0,6.0,4215
2023,geforce rtx 2060,306.0,144.0,160.0,6.0,7601
2023,geforce rtx 2060,198.0,137.0,160.0,6.0,7601
2023,geforce gtx 1650,134.0,87.0,75.0,4.0,3552
2023,radeon rx 7900 xt,804.0,742.0,315.0,20.0,25617
2023,geforce rtx 2060,211.0,130.0,160.0,6.0,7601
2023,radeon rx 7700 xt,449.0,0.0,245.0,12.0,17245
2023,geforce rtx 2080 ti,1241.0,320.0,250.0,11.0,14628
2023,radeon rx 7900 xt,772.0,719.0,315.0,20.0,25617
2023,geforce rtx 2080 ti,1310.0,305.0,250.0,11.0,14628
2023,geforce gtx 1060,282.0,74.0,120.0,6.0,4215
2023,radeon rx 7600,252.0,221.0,165.0,8.0,10817
2023,geforce rtx 3050,221.0,178.0,130.0,8.0,6205
2023,geforce rtx 3050,228.0,184.0,130.0,8.0,6205
2023,geforce gtx 1050 ti,0.0,0.0,75.0,4.0,2356
2023,radeon rx 7600,253.0,422.0,165.0,8.0,10817
2023,geforce rtx 3050,225.0,181.0,130.0,8.0,6205
2023,radeon rx 7900 xtx,1279.0,1273.0,355.0,24.0,29246
2023,geforce rtx 3050,220.0,181.0,130.0,8.0,6205
2023,radeon rx 7600,259.0,230.0,165.0,8.0,10817
2023,geforce rtx 3050,265.0,202.0,130.0,8.0,6205
2023,geforce gtx 1050 ti,0.0,0.0,75.0,4.0,2356
2023,geforce rtx 2060,276.0,130.0,160.0,6.0,7601
2023,geforce rtx 3050,280.0,206.0,130.0,8.0,6205
2023,radeon rx 7900 xt,795.0,712.0,315.0,20.0,25617
2023,geforce rtx 3050,285.0,229.0,130.0,8.0,6205
2023,geforce gtx 1060,254.0,83.0,120.0,6.0,4215
2023,geforce rtx 3050,300.0,232.0,130.0,8.0,6205
2023,geforce rtx 3050,302.0,237.0,130.0,8.0,6205
2023,geforce gtx 1060,239.0,79.0,120.0,6.0,4215
2023,radeon rx 7900 xt,778.0,714.0,315.0,20.0,25617
2023,geforce rtx 2080 ti,0.0,305.0,250.0,11.0,14628
2023,geforce gtx 1060,384.0,72.0,120.0,6.0,4215
2023,geforce rtx 2080 ti,1400.0,288.0,250.0,11.0,14628
2023,geforce rtx 2080 ti,1375.0,287.0,250.0,11.0,14628
2023,geforce gtx 1060,277.0,91.0,120.0,6.0,4215
2023,geforce gtx 1650,144.0,77.0,75.0,4.0,3552
2023,geforce rtx 2060,279.0,130.0,160.0,6.0,7601
2023,radeon rx 7700 xt,441.0,0.0,245.0,12.0,17245
2023,geforce gtx 1650,143.0,81.0,75.0,4.0,3552
2023,geforce gtx 1660 ti,210.0,115.0,120.0,6.0,6373
2023,radeon rx 7800 xt,530.0,0.0,263.0,16.0,19839
2023,geforce gtx 1660 ti,184.0,133.0,120.0,6.0,6373
2023,radeon rx 7900 xt,947.0,885.0,315.0,20.0,25617
2023,geforce gtx 1660 ti,274.0,128.0,120.0,6.0,6373
2023,geforce gtx 1650,165.0,88.0,75.0,4.0,3552
2023,radeon rx 7800 xt,513.0,513.0,263.0,16.0,19839
2023,geforce gtx 1660 ti,240.0,131.0,120.0,6.0,6373
2023,geforce gtx 1660 ti,261.0,126.0,120.0,6.0,6373
2023,radeon rx 7800 xt,501.0,483.0,263.0,16.0,19839
2023,geforce gtx 1660 ti,244.0,106.0,120.0,6.0,6373
2023,geforce gtx 1660 super,273.0,125.0,125.0,6.0,6078
2023,geforce gtx 1660 super,221.0,107.0,125.0,6.0,6078
2023,radeon rx 7800 xt,521.0,0.0,263.0,16.0,19839
2023,geforce gtx 1660 super,194.0,90.0,125.0,6.0,6078
2023,geforce gtx 1660 super,263.0,116.0,125.0,6.0,6078
2023,geforce gtx 1660 super,196.0,91.0,125.0,6.0,6078
2023,geforce gtx 1660 super,256.0,118.0,125.0,6.0,6078
2023,geforce gtx 1660 super,168.0,74.0,125.0,6.0,6078
2023,geforce gtx 1660 super,215.0,111.0,125.0,6.0,6078
2023,geforce gtx 1660 super,165.0,99.0,125.0,6.0,6078
2023,geforce gtx 1660 super,167.0,91.0,125.0,6.0,6078
2023,geforce gtx 1660 super,176.0,110.0,125.0,6.0,6078
2023,geforce gtx 1660 ti,323.0,142.0,120.0,6.0,6373
2023,geforce gtx 1050 ti,183.0,62.0,75.0,4.0,2356
2023,geforce gtx 1660 ti,216.0,101.0,120.0,6.0,6373
2023,radeon rx 7900 xt,927.0,1213.0,315.0,20.0,25617
2023,geforce rtx 2060,248.0,135.0,160.0,6.0,7601
2023,geforce gtx 1650,144.0,66.0,75.0,4.0,3552
2023,geforce rtx 2060,256.0,136.0,160.0,6.0,7601
2023,radeon rx 7900 xt,813.0,796.0,315.0,20.0,25617
2023,radeon rx 7700 xt,436.0,0.0,245.0,12.0,17245
2023,geforce gtx 1650,140.0,79.0,75.0,4.0,3552
2023,geforce rtx 2060,278.0,153.0,160.0,6.0,7601
2023,geforce rtx 3070 ti,487.0,336.0,290.0,8.0,14831
2023,geforce rtx 2060,318.0,158.0,160.0,6.0,7601
2023,geforce gtx 1650,146.0,96.0,75.0,4.0,3552
2023,radeon rx 7700 xt,432.0,375.0,245.0,12.0,17245
2023,geforce gtx 1650,137.0,77.0,75.0,4.0,3552
2023,radeon rx 7900 xt,876.0,804.0,315.0,20.0,25617
2023,geforce gtx 1650,140.0,85.0,75.0,4.0,3552
2023,geforce rtx 2060,321.0,173.0,160.0,6.0,7601
2023,geforce gtx 1650,141.0,81.0,75.0,4.0,3552
2023,geforce rtx 2060,385.0,162.0,160.0,6.0,7601
2023,radeon rx 7900 xt,900.0,875.0,315.0,20.0,25617
2023,geforce gtx 1660 ti,528.0,109.0,120.0,6.0,6373
2023,geforce gtx 1650,148.0,76.0,75.0,4.0,3552
2023,geforce gtx 1660 ti,348.0,102.0,120.0,6.0,6373
2023,geforce gtx 1660 ti,299.0,100.0,120.0,6.0,6373
2023,geforce gtx 1650,162.0,76.0,75.0,4.0,3552
2023,geforce gtx 1660 ti,176.0,100.0,120.0,6.0,6373
2023,geforce rtx 2060,287.0,170.0,160.0,6.0,7601
2023,geforce rtx 3050,216.0,161.0,130.0,8.0,6205
2023,geforce gtx 1660 super,164.0,96.0,125.0,6.0,6078
2023,radeon rx 7900 xtx,1265.0,1109.0,355.0,24.0,29246
2023,geforce rtx 3060 ti,329.0,222.0,200.0,8.0,11744
2023,radeon rx 6900 xt,751.0,509.0,300.0,16.0,20621
2023,geforce rtx 3060 ti,323.0,225.0,200.0,8.0,11744
2023,geforce gtx 1050,162.0,62.0,75.0,2.0,1861
2023,geforce gtx 1050,0.0,0.0,75.0,2.0,1861
2023,geforce rtx 3060 ti,325.0,235.0,200.0,8.0,11744
2023,radeon rx 6900 xt,1126.0,489.0,300.0,16.0,20621
2023,geforce rtx 3060 ti,331.0,245.0,200.0,8.0,11744
2023,geforce rtx 3070,505.0,255.0,220.0,8.0,13663
2023,geforce gtx 1050,254.0,52.0,75.0,2.0,1861
2023,radeon rx 6900 xt,942.0,593.0,300.0,16.0,20621
2023,geforce rtx 3060 ti,391.0,264.0,200.0,8.0,11744
2023,geforce rtx 3060 ti,428.0,282.0,200.0,8.0,11744
2023,radeon rx 6900 xt,1038.0,459.0,300.0,16.0,20621
2023,geforce gtx 1050,0.0,0.0,75.0,2.0,1861
2023,geforce rtx 3060 ti,439.0,291.0,200.0,8.0,11744
2023,geforce rtx 3070,434.0,251.0,220.0,8.0,13663
2023,geforce rtx 3060 ti,502.0,298.0,200.0,8.0,11744
2023,radeon rx 6900 xt,935.0,473.0,300.0,16.0,20621
2023,geforce rtx 3060,287.0,224.0,170.0,12.0,8739
2023,radeon rx 7900 xtx,1025.0,880.0,355.0,24.0,29246
2023,radeon rx 7900 xtx,931.0,863.0,355.0,24.0,29246
2023,geforce rtx 3060 ti,329.0,214.0,200.0,8.0,11744
2023,geforce rtx 3070,456.0,263.0,220.0,8.0,13663
2023,geforce gtx 1050,190.0,52.0,75.0,2.0,1861
2023,geforce rtx 3070,492.0,295.0,220.0,8.0,13663
2023,radeon rx 6900 xt,653.0,520.0,300.0,16.0,20621
2023,radeon rx 7900 xtx,1003.0,890.0,355.0,24.0,29246
2023,geforce rtx 3070,557.0,324.0,220.0,8.0,13663
2023,radeon rx 6900 xt,848.0,548.0,300.0,16.0,20621
2023,geforce gtx 1050,179.0,51.0,75.0,2.0,1861
2023,geforce rtx 3070,557.0,347.0,220.0,8.0,13663
2023,geforce rtx 3070,454.0,268.0,220.0,8.0,13663
2023,radeon rx 6900 xt,772.0,513.0,300.0,16.0,20621
2023,geforce gtx 1050,176.0,54.0,75.0,2.0,1861
2023,geforce rtx 3070,588.0,351.0,220.0,8.0,13663
2023,geforce rtx 3070,601.0,353.0,220.0,8.0,13663
2023,geforce gtx 1050,174.0,52.0,75.0,2.0,1861
2023,geforce rtx 3070,453.0,267.0,220.0,8.0,13663
2023,radeon rx 6900 xt,850.0,512.0,300.0,16.0,20621
2023,geforce rtx 3060 ti,400.0,243.0,200.0,8.0,11744
2023,radeon rx 7900 xtx,1046.0,908.0,355.0,24.0,29246
2023,geforce rtx 3060 ti,367.0,225.0,200.0,8.0,11744
2023,radeon rx 6900 xt,993.0,497.0,300.0,16.0,20621
2023,radeon rx 6900 xt,827.0,538.0,300.0,16.0,20621
2023,geforce rtx 3070,446.0,274.0,220.0,8.0,13663
2023,radeon rx 7900 xtx,1002.0,892.0,355.0,24.0,29246
2023,geforce rtx 3060 ti,495.0,302.0,200.0,8.0,11744
2023,radeon rx 6900 xt,1003.0,634.0,300.0,16.0,20621
2023,radeon rx 7600,255.0,0.0,165.0,8.0,10817
2023,geforce gtx 1050,181.0,55.0,75.0,2.0,1861
2023,geforce rtx 3070 ti,597.0,391.0,290.0,8.0,14831
2023,geforce rtx 3060,314.0,244.0,170.0,12.0,8739
2023,geforce gtx 1050 ti,195.0,62.0,75.0,4.0,2356
2023,radeon rx 7900 xtx,1188.0,1030.0,355.0,24.0,29246
2023,geforce rtx 3060,344.0,253.0,170.0,12.0,8739
2023,radeon rx 7600,261.0,0.0,165.0,8.0,10817
2023,geforce rtx 3060,348.0,272.0,170.0,12.0,8739
2023,geforce rtx 3060,280.0,221.0,170.0,12.0,8739
2023,geforce gtx 1050 ti,172.0,61.0,75.0,4.0,2356
2023,geforce rtx 3070 ti,537.0,363.0,290.0,8.0,14831
2023,radeon rx 7600,266.0,222.0,165.0,8.0,10817
2023,geforce rtx 3060,362.0,259.0,170.0,12.0,8739
2023,geforce rtx 3050,212.0,180.0,130.0,8.0,6205
2023,radeon rx 6800 xt,481.0,379.0,300.0,16.0,19187
2023,radeon rx 7600,258.0,232.0,165.0,8.0,10817
2023,geforce rtx 3070 ti,504.0,339.0,290.0,8.0,14831
2023,geforce gtx 1050 ti,186.0,57.0,75.0,4.0,2356
2023,geforce rtx 3050,216.0,167.0,130.0,8.0,6205
2023,geforce rtx 3060,333.0,260.0,170.0,12.0,8739
2023,geforce gtx 1050 ti,199.0,67.0,75.0,4.0,2356
2023,geforce rtx 3070 ti,661.0,409.0,290.0,8.0,14831
2023,geforce rtx 3060,276.0,213.0,170.0,12.0,8739
2023,geforce rtx 3060,279.0,212.0,170.0,12.0,8739
2023,geforce gtx 1050 ti,198.0,80.0,75.0,4.0,2356
2023,geforce rtx 3070 ti,688.0,459.0,290.0,8.0,14831
2023,radeon rx 7900 xtx,1012.0,919.0,355.0,24.0,29246
2023,geforce rtx 3060,280.0,203.0,170.0,12.0,8739
2023,radeon rx 7900 xtx,1039.0,981.0,355.0,24.0,29246
2023,geforce gtx 1050 ti,195.0,75.0,75.0,4.0,2356
2023,geforce rtx 3060,278.0,209.0,170.0,12.0,8739
2023,radeon rx 7900 xtx,946.0,939.0,355.0,24.0,29246
2023,geforce rtx 3070,447.0,267.0,220.0,8.0,13663
2023,geforce gtx 1050 ti,201.0,78.0,75.0,4.0,2356
2023,geforce rtx 3070 ti,665.0,433.0,290.0,8.0,14831
2023,geforce gtx 1050,192.0,61.0,75.0,2.0,1861
2023,geforce rtx 3060,270.0,208.0,170.0,12.0,8739
2023,radeon rx 6800 xt,519.0,408.0,300.0,16.0,19187
2024,radeon rx 6600,200.0,145.0,132.0,8.0,8158
2024,radeon rx 6400,152.0,118.0,53.0,4.0,3622
2024,radeon rx 7900 gre,549.0,614.0,260.0,16.0,21644
2024,radeon rx 7900 gre,542.0,513.0,260.0,16.0,21644
2024,radeon rx 6600,199.0,155.0,132.0,8.0,8158
2024,radeon rx 7900 gre,539.0,549.0,260.0,16.0,21644
2024,radeon rx 7900 xtx,869.0,742.0,355.0,24.0,29246
2024,radeon rx 6400,153.0,101.0,53.0,4.0,3622
2024,radeon rx 7900 xtx,865.0,764.0,355.0,24.0,29246
2024,radeon rx 7900 gre,543.0,504.0,260.0,16.0,21644
2024,radeon rx 6600,201.0,148.0,132.0,8.0,8158
2024,radeon rx 6400,151.0,112.0,53.0,4.0,3622
2024,radeon rx 7900 xtx,868.0,762.0,355.0,24.0,29246
2024,radeon rx 7900 xt,765.0,718.0,315.0,20.0,25617
2024,radeon rx 6600,199.0,143.0,132.0,8.0,8158
2024,radeon rx 7900 gre,541.0,500.0,260.0,16.0,21644
2024,radeon rx 6600,197.0,144.0,132.0,8.0,8158
2024,radeon rx 6600,204.0,165.0,132.0,8.0,8158
2024,radeon rx 7900 xt,733.0,679.0,315.0,20.0,25617
2024,radeon rx 6500 xt,197.0,78.0,107.0,4.0,4973
2024,radeon rx 7900 xt,686.0,606.0,315.0,20.0,25617
2024,radeon rx 6500 xt,183.0,83.0,107.0,4.0,4973
2024,radeon rx 6400,139.0,107.0,53.0,4.0,3622
2024,radeon rx 7900 xtx,919.0,818.0,355.0,24.0,29246
2024,radeon rx 7900 xt,659.0,596.0,315.0,20.0,25617
2024,radeon rx 6500 xt,197.0,83.0,107.0,4.0,4973
2024,radeon rx 6500 xt,173.0,85.0,107.0,4.0,4973
2024,radeon rx 7900 xtx,913.0,821.0,355.0,24.0,29246
2024,radeon rx 7900 xt,662.0,633.0,315.0,20.0,25617
2024,radeon rx 6400,144.0,138.0,53.0,4.0,3622
2024,radeon rx 7900 gre,540.0,482.0,260.0,16.0,21644
2024,radeon rx 7900 xt,686.0,662.0,315.0,20.0,25617
2024,radeon rx 6500 xt,161.0,89.0,107.0,4.0,4973
2024,radeon rx 6500 xt,142.0,90.0,107.0,4.0,4973
2024,radeon rx 7900 xtx,932.0,865.0,355.0,24.0,29246
2024,radeon rx 6500 xt,139.0,91.0,107.0,4.0,4973
2024,radeon rx 7900 xtx,959.0,897.0,355.0,24.0,29246
2024,radeon rx 7900 xtx,928.0,840.0,355.0,24.0,29246
2024,radeon rx 6600,197.0,148.0,132.0,8.0,8158
2024,radeon rx 6500 xt,175.0,77.0,107.0,4.0,4973
2024,radeon rx 6400,139.0,102.0,53.0,4.0,3622
2024,radeon rx 6600,199.0,159.0,132.0,8.0,8158
2024,radeon rx 7900 xt,701.0,678.0,315.0,20.0,25617
2024,radeon rx 6600,199.0,165.0,132.0,8.0,8158
2024,radeon rx 6400,154.0,109.0,53.0,4.0,3622
2024,radeon rx 7900 xtx,917.0,756.0,355.0,24.0,29246
2024,radeon rx 7900 xt,699.0,652.0,315.0,20.0,25617
2024,radeon rx 6600,195.0,167.0,132.0,8.0,8158
2024,radeon rx 6400,156.0,102.0,53.0,4.0,3622
2024,radeon rx 7900 xt,692.0,639.0,315.0,20.0,25617
2024,radeon rx 6600,193.0,168.0,132.0,8.0,8158
2024,radeon rx 6500 xt,145.0,90.0,107.0,4.0,4973
2024,radeon rx 7900 xtx,901.0,754.0,355.0,24.0,29246
2024,radeon rx 6400,146.0,110.0,53.0,4.0,3622
2024,radeon rx 6500 xt,163.0,80.0,107.0,4.0,4973
2024,radeon rx 7900 xt,700.0,636.0,315.0,20.0,25617
2024,radeon rx 7900 xt,696.0,630.0,315.0,20.0,25617
2024,radeon rx 6500 xt,168.0,78.0,107.0,4.0,4973
2024,radeon rx 7900 xtx,911.0,789.0,355.0,24.0,29246
2024,radeon rx 7900 xt,697.0,645.0,315.0,20.0,25617
2024,radeon rx 6500 xt,177.0,79.0,107.0,4.0,4973
2024,radeon rx 6800 xt,777.0,360.0,300.0,16.0,19187
2024,radeon rx 6600,198.0,163.0,132.0,8.0,8158
2024,radeon rx 7600,263.0,350.0,165.0,8.0,10817
2024,radeon rx 7600,265.0,231.0,165.0,8.0,10817
2024,radeon rx 6800,407.0,348.0,250.0,16.0,15972
2024,radeon rx 7600,257.0,230.0,165.0,8.0,10817
2024,radeon rx 6800,412.0,346.0,250.0,16.0,15972
2024,radeon rx 6800,427.0,350.0,250.0,16.0,15972
2024,radeon rx 7600,246.0,217.0,165.0,8.0,10817
2024,radeon rx 6750 xt,341.0,291.0,250.0,12.0,13595
2024,radeon rx 7600,250.0,217.0,165.0,8.0,10817
2024,radeon rx 6750 xt,300.0,286.0,250.0,12.0,13595
2024,radeon rx 7600,254.0,214.0,165.0,8.0,10817
2024,radeon rx 6750 xt,327.0,289.0,250.0,12.0,13595
2024,radeon rx 7600,249.0,195.0,165.0,8.0,10817
2024,radeon rx 6750 xt,298.0,278.0,250.0,12.0,13595
2024,radeon rx 6750 xt,312.0,314.0,250.0,12.0,13595
2024,radeon rx 6750 xt,314.0,300.0,250.0,12.0,13595
2024,radeon rx 7600,247.0,192.0,165.0,8.0,10817
2024,radeon rx 6750 xt,301.0,281.0,250.0,12.0,13595
2024,radeon rx 7600,249.0,206.0,165.0,8.0,10817
2024,radeon rx 6750 xt,307.0,284.0,250.0,12.0,13595
2024,radeon rx 6750 xt,334.0,303.0,250.0,12.0,13595
2024,radeon rx 7600,257.0,214.0,165.0,8.0,10817
2024,radeon rx 6750 xt,342.0,310.0,250.0,12.0,13595
2024,radeon rx 7600 xt,326.0,327.0,190.0,16.0,11379
2024,radeon rx 6750 xt,372.0,313.0,250.0,12.0,13595
2024,radeon rx 7600 xt,329.0,436.0,190.0,16.0,11379
2024,radeon rx 6750 xt,372.0,328.0,250.0,12.0,13595
2024,radeon rx 7600 xt,320.0,533.0,190.0,16.0,11379
2024,radeon rx 7600 xt,305.0,360.0,190.0,16.0,11379
2024,radeon rx 6800,408.0,344.0,250.0,16.0,15972
2024,radeon rx 7600,259.0,248.0,165.0,8.0,10817
2024,radeon rx 6800,366.0,325.0,250.0,16.0,15972
2024,radeon rx 7600,267.0,279.0,165.0,8.0,10817
2024,radeon rx 6800 xt,964.0,351.0,300.0,16.0,19187
2024,radeon rx 6800 xt,661.0,375.0,300.0,16.0,19187
2024,radeon rx 6800 xt,698.0,371.0,300.0,16.0,19187
2024,radeon rx 6800 xt,664.0,295.0,300.0,16.0,19187
2024,radeon rx 6800 xt,818.0,360.0,300.0,16.0,19187
2024,radeon rx 6900 xt,1182.0,483.0,300.0,16.0,20621
2024,radeon rx 6800 xt,0.0,362.0,300.0,16.0,19187
2024,radeon rx 6900 xt,985.0,475.0,300.0,16.0,20621
2024,radeon rx 6800 xt,666.0,376.0,300.0,16.0,19187
2024,radeon rx 6800 xt,764.0,405.0,300.0,16.0,19187
2024,radeon rx 6900 xt,1315.0,467.0,300.0,16.0,20621
2024,radeon rx 6800 xt,954.0,410.0,300.0,16.0,19187
2024,radeon rx 6900 xt,1299.0,475.0,300.0,16.0,20621
2024,radeon rx 6800 xt,753.0,408.0,300.0,16.0,19187
2024,radeon rx 6700 xt,771.0,245.0,230.0,12.0,12808
2024,radeon rx 6900 xt,1183.0,428.0,300.0,16.0,20621
2024,radeon rx 6900 xt,1509.0,426.0,300.0,16.0,20621
2024,radeon rx 6800,393.0,326.0,250.0,16.0,15972
2024,radeon rx 6900 xt,979.0,416.0,300.0,16.0,20621
2024,radeon rx 6800,353.0,312.0,250.0,16.0,15972
2024,radeon rx 6900 xt,1014.0,408.0,300.0,16.0,20621
2024,radeon rx 6800,375.0,307.0,250.0,16.0,15972
2024,radeon rx 6900 xt,1509.0,404.0,300.0,16.0,20621
2024,radeon rx 6800,380.0,308.0,250.0,16.0,15972
2024,radeon rx 6900 xt,1101.0,404.0,300.0,16.0,20621
2024,radeon rx 6800,382.0,313.0,250.0,16.0,15972
2024,radeon rx 6900 xt,1509.0,396.0,300.0,16.0,20621
2024,radeon rx 6800,374.0,305.0,250.0,16.0,15972
2024,radeon rx 6800,365.0,313.0,250.0,16.0,15972
2024,radeon rx 6900 xt,1509.0,331.0,300.0,16.0,20621
2024,radeon rx 6800 xt,556.0,409.0,300.0,16.0,19187
2024,radeon rx 7600 xt,311.0,360.0,190.0,16.0,11379
2024,radeon rx 7600 xt,314.0,339.0,190.0,16.0,11379
2024,radeon rx 6700 xt,765.0,237.0,230.0,12.0,12808
2024,radeon rx 6650 xt,234.0,219.0,176.0,8.0,10027
2024,radeon rx 7700 xt,402.0,448.0,245.0,12.0,17245
2024,radeon rx 6650 xt,251.0,226.0,176.0,8.0,10027
2024,radeon rx 7800 xt,508.0,490.0,263.0,16.0,19839
2024,radeon rx 6600 xt,499.0,169.0,160.0,8.0,9707
2024,radeon rx 7800 xt,494.0,493.0,263.0,16.0,19839
2024,radeon rx 7800 xt,496.0,544.0,263.0,16.0,19839
2024,radeon rx 6600 xt,499.0,144.0,160.0,8.0,9707
2024,radeon rx 7800 xt,504.0,489.0,263.0,16.0,19839
2024,radeon rx 7800 xt,495.0,441.0,263.0,16.0,19839
2024,radeon rx 7800 xt,485.0,451.0,263.0,16.0,19839
2024,radeon rx 6600 xt,499.0,150.0,160.0,8.0,9707
2024,radeon rx 7800 xt,493.0,436.0,263.0,16.0,19839
2024,radeon rx 6600 xt,499.0,148.0,160.0,8.0,9707
2024,radeon rx 6650 xt,242.0,219.0,176.0,8.0,10027
2024,radeon rx 7800 xt,482.0,438.0,263.0,16.0,19839
2024,radeon rx 7800 xt,481.0,469.0,263.0,16.0,19839
2024,radeon rx 6600 xt,373.0,161.0,160.0,8.0,9707
2024,radeon rx 6600 xt,443.0,163.0,160.0,8.0,9707
2024,radeon rx 7800 xt,484.0,425.0,263.0,16.0,19839
2024,radeon rx 6600 xt,447.0,171.0,160.0,8.0,9707
2024,radeon rx 7800 xt,470.0,477.0,263.0,16.0,19839
2024,radeon rx 6600 xt,440.0,180.0,160.0,8.0,9707
2024,radeon rx 7800 xt,481.0,525.0,263.0,16.0,19839
2024,radeon rx 6600 xt,449.0,185.0,160.0,8.0,9707
2024,radeon rx 7900 gre,563.0,0.0,260.0,16.0,21644
2024,radeon rx 6600 xt,546.0,185.0,160.0,8.0,9707
2024,radeon rx 7900 gre,549.0,649.0,260.0,16.0,21644
2024,radeon rx 6600 xt,493.0,187.0,160.0,8.0,9707
2024,radeon rx 7900 gre,543.0,534.0,260.0,16.0,21644
2024,radeon rx 6600 xt,482.0,154.0,160.0,8.0,9707
2024,radeon rx 7900 gre,536.0,501.0,260.0,16.0,21644
2024,radeon rx 6650 xt,232.0,205.0,176.0,8.0,10027
2024,radeon rx 6650 xt,227.0,214.0,176.0,8.0,10027
2024,radeon rx 7600 xt,312.0,286.0,190.0,16.0,11379
2024,radeon rx 7600 xt,313.0,294.0,190.0,16.0,11379
2024,radeon rx 6700 xt,758.0,235.0,230.0,12.0,12808
2024,radeon rx 7600 xt,306.0,275.0,190.0,16.0,11379
2024,radeon rx 6700 xt,713.0,238.0,230.0,12.0,12808
2024,radeon rx 6700 xt,783.0,212.0,230.0,12.0,12808
2024,radeon rx 7600 xt,317.0,250.0,190.0,16.0,11379
2024,radeon rx 6700 xt,771.0,224.0,230.0,12.0,12808
2024,radeon rx 6700 xt,703.0,238.0,230.0,12.0,12808
2024,radeon rx 7700 xt,440.0,370.0,245.0,12.0,17245
2024,radeon rx 6700 xt,715.0,251.0,230.0,12.0,12808
2024,radeon rx 7700 xt,446.0,399.0,245.0,12.0,17245
2024,radeon rx 6700 xt,577.0,263.0,230.0,12.0,12808
2024,radeon rx 7700 xt,411.0,399.0,245.0,12.0,17245
2024,radeon rx 6650 xt,224.0,200.0,176.0,8.0,10027
2024,radeon rx 6700 xt,702.0,274.0,230.0,12.0,12808
2024,radeon rx 7700 xt,396.0,420.0,245.0,12.0,17245
2024,radeon rx 6700 xt,679.0,282.0,230.0,12.0,12808
2024,radeon rx 7700 xt,399.0,347.0,245.0,12.0,17245
2024,radeon rx 6700 xt,381.0,279.0,230.0,12.0,12808
2024,radeon rx 7700 xt,388.0,462.0,245.0,12.0,17245
2024,radeon rx 7700 xt,388.0,364.0,245.0,12.0,17245
2024,radeon rx 6650 xt,228.0,199.0,176.0,8.0,10027
2024,radeon rx 7700 xt,371.0,381.0,245.0,12.0,17245
2024,radeon rx 6650 xt,209.0,192.0,176.0,8.0,10027
2024,radeon rx 6650 xt,217.0,192.0,176.0,8.0,10027
2024,radeon rx 7700 xt,378.0,444.0,245.0,12.0,17245
2024,radeon rx 6650 xt,228.0,190.0,176.0,8.0,10027
2024,radeon rx 6650 xt,209.0,198.0,176.0,8.0,10027
2024,radeon rx 6650 xt,222.0,197.0,176.0,8.0,10027
2024,radeon rx 7700 xt,399.0,378.0,245.0,12.0,17245
2024,radeon rx 7700 xt,385.0,433.0,245.0,12.0,17245
2024,geforce gtx 1050,0.0,0.0,75.0,2.0,1861
2024,radeon rx 6400,157.0,124.0,53.0,4.0,3622
2024,geforce rtx 3060,280.0,202.0,170.0,12.0,8739
2024,geforce rtx 3060,280.0,210.0,170.0,12.0,8739
2024,geforce rtx 3060 ti,360.0,265.0,200.0,8.0,11744
2024,geforce rtx 3060 ti,415.0,252.0,200.0,8.0,11744
2024,geforce rtx 3060 ti,443.0,253.0,200.0,8.0,11744
2024,geforce rtx 3060 ti,356.0,243.0,200.0,8.0,11744
2024,geforce rtx 3060 ti,361.0,223.0,200.0,8.0,11744
2024,geforce rtx 3060 ti,441.0,234.0,200.0,8.0,11744
2024,geforce rtx 3060 ti,458.0,217.0,200.0,8.0,11744
2024,geforce rtx 3060 ti,412.0,217.0,200.0,8.0,11744
2024,geforce rtx 3060 ti,428.0,216.0,200.0,8.0,11744
2024,geforce rtx 3060 ti,418.0,217.0,200.0,8.0,11744
2024,geforce rtx 3060 ti,492.0,224.0,200.0,8.0,11744
2024,geforce rtx 3060 ti,549.0,151.0,200.0,8.0,11744
2024,geforce rtx 3070,457.0,302.0,220.0,8.0,13663
2024,geforce rtx 3070,485.0,284.0,220.0,8.0,13663
2024,geforce rtx 3070,449.0,293.0,220.0,8.0,13663
2024,geforce rtx 3070,430.0,277.0,220.0,8.0,13663
2024,geforce rtx 3070,446.0,259.0,220.0,8.0,13663
2024,geforce rtx 3060,281.0,198.0,170.0,12.0,8739
2024,geforce rtx 3070,436.0,257.0,220.0,8.0,13663
2024,geforce rtx 3060,279.0,198.0,170.0,12.0,8739
2024,geforce rtx 3060,276.0,202.0,170.0,12.0,8739
2024,geforce rtx 2080 ti,1295.0,222.0,250.0,11.0,14628
2024,geforce rtx 3050,217.0,180.0,130.0,8.0,6205
2024,geforce rtx 3050,220.0,179.0,130.0,8.0,6205
2024,geforce rtx 3050,240.0,173.0,130.0,8.0,6205
2024,geforce rtx 3050,210.0,172.0,130.0,8.0,6205
2024,geforce rtx 3050,203.0,158.0,130.0,8.0,6205
2024,geforce rtx 3050,203.0,152.0,130.0,8.0,6205
2024,geforce rtx 3050,188.0,153.0,130.0,8.0,6205
2024,geforce rtx 3050,198.0,146.0,130.0,8.0,6205
2024,geforce rtx 3050,211.0,149.0,130.0,8.0,6205
2024,geforce rtx 3050,210.0,145.0,130.0,8.0,6205
2024,geforce rtx 3050,218.0,144.0,130.0,8.0,6205
2024,geforce rtx 3050,212.0,150.0,130.0,8.0,6205
2024,geforce rtx 3060,284.0,226.0,170.0,12.0,8739
2024,geforce rtx 3060,288.0,231.0,170.0,12.0,8739
2024,geforce rtx 3060,293.0,234.0,170.0,12.0,8739
2024,geforce rtx 3060,288.0,225.0,170.0,12.0,8739
2024,geforce rtx 3060,289.0,215.0,170.0,12.0,8739
2024,geforce rtx 3060,282.0,212.0,170.0,12.0,8739
2024,geforce rtx 3060,280.0,207.0,170.0,12.0,8739
2024,geforce rtx 3070,426.0,246.0,220.0,8.0,13663
2024,geforce rtx 3070,424.0,243.0,220.0,8.0,13663
2024,geforce rtx 3070,434.0,228.0,220.0,8.0,13663
2024,geforce rtx 3080,767.0,335.0,320.0,10.0,17656
2024,geforce rtx 3080,763.0,367.0,320.0,10.0,17656
2024,geforce rtx 3080,822.0,341.0,320.0,10.0,17656
2024,geforce rtx 3080 ti,1443.0,567.0,350.0,12.0,19592
2024,geforce rtx 3080 ti,1392.0,535.0,350.0,12.0,19592
2024,geforce rtx 3080 ti,1474.0,532.0,350.0,12.0,19592
2024,geforce rtx 3080 ti,1323.0,522.0,350.0,12.0,19592
2024,geforce rtx 3080 ti,1197.0,494.0,350.0,12.0,19592
2024,geforce rtx 3080 ti,1196.0,473.0,350.0,12.0,19592
2024,geforce rtx 3080 ti,1148.0,466.0,350.0,12.0,19592
2024,geforce rtx 3080 ti,1137.0,463.0,350.0,12.0,19592
2024,geforce rtx 3080 ti,1090.0,477.0,350.0,12.0,19592
2024,geforce rtx 3080 ti,1131.0,462.0,350.0,12.0,19592
2024,geforce rtx 3080 ti,1023.0,448.0,350.0,12.0,19592
2024,geforce rtx 3080 ti,1093.0,423.0,350.0,12.0,19592
2024,geforce rtx 3090,1812.0,776.0,350.0,24.0,19901
2024,geforce rtx 3090,1982.0,760.0,350.0,24.0,19901
2024,geforce rtx 3090,2100.0,752.0,350.0,24.0,19901
2024,geforce rtx 3090,1829.0,765.0,350.0,24.0,19901
2024,geforce rtx 3080,708.0,356.0,320.0,10.0,17656
2024,geforce rtx 3080,865.0,357.0,320.0,10.0,17656
2024,geforce rtx 3080,1003.0,357.0,320.0,10.0,17656
2024,geforce rtx 3080,718.0,363.0,320.0,10.0,17656
2024,geforce rtx 3070,505.0,249.0,220.0,8.0,13663
2024,geforce rtx 3070,542.0,254.0,220.0,8.0,13663
2024,geforce rtx 3070,598.0,271.0,220.0,8.0,13663
2024,geforce rtx 3070 ti,497.0,327.0,290.0,8.0,14831
2024,geforce rtx 3070 ti,493.0,340.0,290.0,8.0,14831
2024,geforce rtx 3070 ti,461.0,335.0,290.0,8.0,14831
2024,geforce rtx 3070 ti,532.0,329.0,290.0,8.0,14831
2024,geforce rtx 3070 ti,505.0,310.0,290.0,8.0,14831
2024,geforce rtx 3070 ti,512.0,304.0,290.0,8.0,14831
2024,geforce rtx 2080 ti,1296.0,241.0,250.0,11.0,14628
2024,geforce rtx 3070 ti,514.0,298.0,290.0,8.0,14831
2024,geforce rtx 3070 ti,606.0,304.0,290.0,8.0,14831
2024,geforce rtx 3070 ti,651.0,312.0,290.0,8.0,14831
2024,geforce rtx 3070 ti,699.0,316.0,290.0,8.0,14831
2024,geforce rtx 3070 ti,890.0,331.0,290.0,8.0,14831
2024,geforce rtx 3080,679.0,423.0,320.0,10.0,17656
2024,geforce rtx 3080,663.0,404.0,320.0,10.0,17656
2024,geforce rtx 3080,575.0,404.0,320.0,10.0,17656
2024,geforce rtx 3080,509.0,387.0,320.0,10.0,17656
2024,geforce rtx 3080,525.0,355.0,320.0,10.0,17656
2024,geforce rtx 3070 ti,633.0,286.0,290.0,8.0,14831
2024,geforce rtx 2080 ti,1299.0,234.0,250.0,11.0,14628
2024,geforce rtx 2080 ti,1299.0,252.0,250.0,11.0,14628
2024,geforce rtx 2080 ti,1299.0,250.0,250.0,11.0,14628
2024,geforce gtx 1060,0.0,75.0,120.0,6.0,4215
2024,geforce gtx 1060,0.0,71.0,120.0,6.0,4215
2024,geforce gtx 1060,0.0,70.0,120.0,6.0,4215
2024,geforce gtx 1060,0.0,68.0,120.0,6.0,4215
2024,geforce gtx 1060,0.0,66.0,120.0,6.0,4215
2024,geforce gtx 1060,0.0,64.0,120.0,6.0,4215
2024,geforce gtx 1060,339.0,63.0,120.0,6.0,4215
2024,geforce gtx 1060,339.0,54.0,120.0,6.0,4215
2024,geforce gtx 1060,0.0,50.0,120.0,6.0,4215
2024,geforce gtx 1060,339.0,59.0,120.0,6.0,4215
2024,geforce gtx 1060,339.0,60.0,120.0,6.0,4215
2024,geforce gtx 1650,164.0,89.0,75.0,4.0,3552
2024,geforce gtx 1650,159.0,93.0,75.0,4.0,3552
2024,geforce gtx 1650,155.0,88.0,75.0,4.0,3552
2024,geforce gtx 1650,149.0,87.0,75.0,4.0,3552
2024,geforce gtx 1650,149.0,84.0,75.0,4.0,3552
2024,geforce gtx 1650,146.0,74.0,75.0,4.0,3552
2024,geforce gtx 1650,147.0,79.0,75.0,4.0,3552
2024,geforce gtx 1650,149.0,72.0,75.0,4.0,3552
2024,geforce gtx 1060,0.0,73.0,120.0,6.0,4215
2024,geforce gtx 1050 ti,190.0,65.0,75.0,4.0,2356
2024,geforce gtx 1050 ti,190.0,65.0,75.0,4.0,2356
2024,geforce gtx 1050 ti,190.0,65.0,75.0,4.0,2356
2024,geforce gtx 1050,0.0,0.0,75.0,2.0,1861
2024,geforce gtx 1050,254.0,52.0,75.0,2.0,1861
2024,geforce gtx 1050,254.0,52.0,75.0,2.0,1861
2024,geforce gtx 1050,254.0,52.0,75.0,2.0,1861
2024,geforce gtx 1050,254.0,52.0,75.0,2.0,1861
2024,geforce gtx 1050,254.0,52.0,75.0,2.0,1861
2024,geforce gtx 1050,254.0,52.0,75.0,2.0,1861
2024,geforce gtx 1050,254.0,52.0,75.0,2.0,1861
2024,geforce gtx 1050,254.0,52.0,75.0,2.0,1861
2024,geforce gtx 1650,146.0,66.0,75.0,4.0,3552
2024,geforce gtx 1050,254.0,52.0,75.0,2.0,1861
2024,geforce gtx 1050 ti,0.0,0.0,75.0,4.0,2356
2024,geforce gtx 1050 ti,0.0,0.0,75.0,4.0,2356
2024,geforce gtx 1050 ti,190.0,65.0,75.0,4.0,2356
2024,geforce gtx 1050 ti,190.0,65.0,75.0,4.0,2356
2024,geforce gtx 1050 ti,190.0,65.0,75.0,4.0,2356
2024,geforce gtx 1050 ti,190.0,65.0,75.0,4.0,2356
2024,geforce gtx 1050 ti,190.0,65.0,75.0,4.0,2356
2024,geforce gtx 1050 ti,190.0,65.0,75.0,4.0,2356
2024,geforce gtx 1050 ti,190.0,65.0,75.0,4.0,2356
2024,geforce gtx 1050,254.0,52.0,75.0,2.0,1861
2024,geforce rtx 3090,1669.0,719.0,350.0,24.0,19901
2024,geforce gtx 1650,135.0,65.0,75.0,4.0,3552
2024,geforce gtx 1650,170.0,63.0,75.0,4.0,3552
2024,geforce rtx 2060,316.0,145.0,160.0,6.0,7601
2024,geforce rtx 2060,285.0,154.0,160.0,6.0,7601
2024,geforce rtx 2060,269.0,148.0,160.0,6.0,7601
2024,geforce rtx 2060,323.0,151.0,160.0,6.0,7601
2024,geforce rtx 2060,331.0,141.0,160.0,6.0,7601
2024,geforce rtx 2060,323.0,136.0,160.0,6.0,7601
2024,geforce rtx 2060,411.0,129.0,160.0,6.0,7601
2024,geforce rtx 2060,453.0,124.0,160.0,6.0,7601
2024,geforce rtx 2060,410.0,113.0,160.0,6.0,7601
2024,geforce rtx 2060,403.0,122.0,160.0,6.0,7601
2024,geforce rtx 2060,385.0,129.0,160.0,6.0,7601
2024,geforce rtx 2060,342.0,140.0,160.0,6.0,7601
2024,geforce rtx 2080 ti,0.0,308.0,250.0,11.0,14628
2024,geforce rtx 2080 ti,0.0,296.0,250.0,11.0,14628
2024,geforce rtx 2080 ti,0.0,291.0,250.0,11.0,14628
2024,geforce rtx 2080 ti,0.0,283.0,250.0,11.0,14628
2024,geforce rtx 2080 ti,0.0,246.0,250.0,11.0,14628
2024,geforce rtx 2080 ti,0.0,265.0,250.0,11.0,14628
2024,geforce rtx 2080 ti,1299.0,259.0,250.0,11.0,14628
2024,geforce gtx 1660 ti,307.0,99.0,120.0,6.0,6373
2024,geforce gtx 1660 ti,307.0,94.0,120.0,6.0,6373
2024,geforce gtx 1660 ti,307.0,109.0,120.0,6.0,6373
2024,geforce gtx 1660 ti,307.0,102.0,120.0,6.0,6373
2024,geforce gtx 1660 super,222.0,121.0,125.0,6.0,6078
2024,geforce gtx 1660 super,229.0,114.0,125.0,6.0,6078
2024,geforce gtx 1660 super,225.0,110.0,125.0,6.0,6078
2024,geforce gtx 1660 super,220.0,100.0,125.0,6.0,6078
2024,geforce gtx 1660 super,208.0,97.0,125.0,6.0,6078
2024,geforce gtx 1660 super,224.0,95.0,125.0,6.0,6078
2024,geforce gtx 1660 super,234.0,95.0,125.0,6.0,6078
2024,geforce gtx 1660 super,252.0,93.0,125.0,6.0,6078
2024,geforce gtx 1660 super,264.0,88.0,125.0,6.0,6078
2024,geforce gtx 1650,149.0,50.0,75.0,4.0,3552
2024,geforce gtx 1660 super,255.0,86.0,125.0,6.0,6078
2024,geforce gtx 1660 super,237.0,90.0,125.0,6.0,6078
2024,geforce gtx 1660 ti,367.0,125.0,120.0,6.0,6373
2024,geforce gtx 1660 ti,331.0,118.0,120.0,6.0,6373
2024,geforce gtx 1660 ti,327.0,127.0,120.0,6.0,6373
2024,geforce gtx 1660 ti,328.0,119.0,120.0,6.0,6373
2024,geforce gtx 1660 ti,353.0,112.0,120.0,6.0,6373
2024,geforce gtx 1660 ti,361.0,112.0,120.0,6.0,6373
2024,geforce gtx 1660 ti,343.0,102.0,120.0,6.0,6373
2024,geforce gtx 1660 ti,307.0,103.0,120.0,6.0,6373
2024,geforce gtx 1660 super,270.0,87.0,125.0,6.0,6078
2024,radeon rx 6400,156.0,125.0,53.0,4.0,3622
2024,geforce rtx 3090,1855.0,680.0,350.0,24.0,19901
2024,geforce rtx 3090,1978.0,645.0,350.0,24.0,19901
2024,radeon r9 370,227.0,110.0,150.0,4.0,1456
2024,radeon r9 370,227.0,110.0,150.0,4.0,1456
2024,radeon r9 370,227.0,110.0,150.0,4.0,1456
2024,radeon r9 370,227.0,110.0,150.0,4.0,1456
2024,radeon r9 370,227.0,110.0,150.0,4.0,1456
2024,radeon r9 380,0.0,0.0,190.0,4.0,2754
2024,radeon r9 380,0.0,0.0,190.0,4.0,2754
2024,radeon r9 380,239.0,50.0,190.0,4.0,2754
2024,radeon r9 380,239.0,50.0,190.0,4.0,2754
2024,radeon r9 380,239.0,50.0,190.0,4.0,2754
2024,radeon r9 380,239.0,50.0,190.0,4.0,2754
2024,radeon r9 380,239.0,50.0,190.0,4.0,2754
2024,radeon r9 380,239.0,50.0,190.0,4.0,2754
2024,radeon r9 380,239.0,50.0,190.0,4.0,2754
2024,radeon r9 380,239.0,50.0,190.0,4.0,2754
2024,radeon r9 380,239.0,50.0,190.0,4.0,2754
2024,radeon r9 380,239.0,50.0,190.0,4.0,2754
2024,radeon rx 460,0.0,0.0,75.0,4.0,1760
2024,radeon rx 460,0.0,0.0,75.0,4.0,1760
2024,radeon r9 370,227.0,110.0,150.0,4.0,1456
2024,radeon rx 460,217.0,59.0,75.0,4.0,1760
2024,radeon r9 370,227.0,110.0,150.0,4.0,1456
2024,radeon r9 370,227.0,110.0,150.0,4.0,1456
2024,geforce rtx 4090,1783.0,1596.0,450.0,24.0,35966
2024,geforce rtx 4090,1934.0,1631.0,450.0,24.0,35966
2024,geforce rtx 4090,2053.0,1681.0,450.0,24.0,35966
2024,geforce rtx 4090,2229.0,794.0,450.0,24.0,35966
2024,radeon r7 360,0.0,0.0,100.0,2.0,1368
2024,radeon r7 360,0.0,0.0,100.0,2.0,1368
2024,radeon r7 360,146.0,55.0,100.0,2.0,1368
2024,radeon r7 360,146.0,55.0,100.0,2.0,1368
2024,radeon r7 360,146.0,55.0,100.0,2.0,1368
2024,radeon r7 360,146.0,55.0,100.0,2.0,1368
2024,radeon r7 360,146.0,55.0,100.0,2.0,1368
2024,radeon r7 360,146.0,55.0,100.0,2.0,1368
2024,radeon r7 360,146.0,55.0,100.0,2.0,1368
2024,radeon r7 360,146.0,55.0,100.0,2.0,1368
2024,radeon r7 360,146.0,55.0,100.0,2.0,1368
2024,radeon r7 360,146.0,55.0,100.0,2.0,1368
2024,radeon r9 370,0.0,0.0,150.0,4.0,1456
2024,radeon r9 370,0.0,0.0,150.0,4.0,1456
2024,radeon r9 370,227.0,110.0,150.0,4.0,1456
2024,radeon r9 370,227.0,110.0,150.0,4.0,1456
2024,radeon rx 460,217.0,59.0,75.0,4.0,1760
2024,radeon rx 460,217.0,59.0,75.0,4.0,1760
2024,radeon rx 460,217.0,59.0,75.0,4.0,1760
2024,radeon rx 560,216.0,50.0,80.0,4.0,1860
2024,radeon rx 560,216.0,50.0,80.0,4.0,1860
2024,radeon rx 560,216.0,50.0,80.0,4.0,1860
2024,radeon rx 560,216.0,50.0,80.0,4.0,1860
2024,radeon rx 560,216.0,50.0,80.0,4.0,1860
2024,radeon rx 560,216.0,50.0,80.0,4.0,1860
2024,radeon rx 580,129.0,61.0,185.0,8.0,4346
2024,radeon rx 580,132.0,63.0,185.0,8.0,4346
2024,radeon rx 580,139.0,64.0,185.0,8.0,4346
2024,radeon rx 580,130.0,63.0,185.0,8.0,4346
2024,radeon rx 580,131.0,59.0,185.0,8.0,4346
2024,radeon rx 580,129.0,63.0,185.0,8.0,4346
2024,radeon rx 580,129.0,58.0,185.0,8.0,4346
2024,radeon rx 580,136.0,58.0,185.0,8.0,4346
2024,radeon rx 580,131.0,62.0,185.0,8.0,4346
2024,radeon rx 580,129.0,56.0,185.0,8.0,4346
2024,radeon rx 580,127.0,58.0,185.0,8.0,4346
2024,radeon rx 580,134.0,56.0,185.0,8.0,4346
2024,radeon rx 6400,159.0,113.0,53.0,4.0,3622
2024,radeon rx 560,216.0,50.0,80.0,4.0,1860
2024,radeon rx 560,216.0,50.0,80.0,4.0,1860
2024,radeon rx 560,216.0,50.0,80.0,4.0,1860
2024,radeon rx 560,216.0,50.0,80.0,4.0,1860
2024,radeon rx 460,217.0,59.0,75.0,4.0,1760
2024,radeon rx 460,217.0,59.0,75.0,4.0,1760
2024,radeon rx 460,217.0,59.0,75.0,4.0,1760
2024,radeon rx 460,217.0,59.0,75.0,4.0,1760
2024,radeon rx 460,217.0,59.0,75.0,4.0,1760
2024,radeon rx 460,217.0,59.0,75.0,4.0,1760
2024,radeon rx 550,0.0,0.0,50.0,4.0,1195
2024,radeon rx 550,0.0,0.0,50.0,4.0,1195
2024,radeon rx 550,75.0,50.0,50.0,4.0,1195
2024,geforce rtx 4090,1712.0,1406.0,450.0,24.0,35966
2024,radeon rx 550,75.0,50.0,50.0,4.0,1195
2024,radeon rx 550,75.0,50.0,50.0,4.0,1195
2024,radeon rx 550,75.0,50.0,50.0,4.0,1195
2024,radeon rx 550,75.0,50.0,50.0,4.0,1195
2024,radeon rx 550,75.0,50.0,50.0,4.0,1195
2024,radeon rx 550,75.0,50.0,50.0,4.0,1195
2024,radeon rx 550,75.0,50.0,50.0,4.0,1195
2024,radeon rx 550,75.0,50.0,50.0,4.0,1195
2024,radeon rx 560,0.0,0.0,80.0,4.0,1860
2024,radeon rx 560,0.0,0.0,80.0,4.0,1860
2024,radeon rx 550,75.0,50.0,50.0,4.0,1195
2024,geforce rtx 4090,1717.0,1409.0,450.0,24.0,35966
2024,geforce rtx 4090,1737.0,1460.0,450.0,24.0,35966
2024,geforce rtx 4090,1748.0,1487.0,450.0,24.0,35966
2024,geforce rtx 4060 ti,380.0,316.0,160.0,8.0,13462
2024,geforce rtx 4060 ti,389.0,320.0,160.0,8.0,13462
2024,geforce rtx 4060 ti,391.0,300.0,160.0,8.0,13462
2024,geforce rtx 4060 ti,396.0,293.0,160.0,8.0,13462
2024,geforce rtx 4070,549.0,516.0,200.0,12.0,17846
2024,geforce rtx 4070,532.0,493.0,200.0,12.0,17846
2024,geforce rtx 4070,532.0,489.0,200.0,12.0,17846
2024,geforce rtx 4070,541.0,494.0,200.0,12.0,17846
2024,geforce rtx 4070,553.0,481.0,200.0,12.0,17846
2024,geforce rtx 4070,549.0,466.0,200.0,12.0,17846
2024,geforce rtx 4070,548.0,470.0,200.0,12.0,17846
2024,geforce rtx 4070,540.0,452.0,200.0,12.0,17846
2024,geforce rtx 4070,542.0,467.0,200.0,12.0,17846
2024,geforce rtx 4070,548.0,424.0,200.0,12.0,17846
2024,geforce rtx 4070,525.0,434.0,200.0,12.0,17846
2024,geforce rtx 4070,539.0,369.0,200.0,12.0,17846
2024,geforce rtx 4070 super,599.0,0.0,220.0,12.0,21214
2024,geforce rtx 4070 super,595.0,0.0,220.0,12.0,21214
2024,geforce rtx 4070 super,589.0,994.0,220.0,12.0,21214
2024,geforce rtx 4060 ti,377.0,311.0,160.0,8.0,13462
2024,geforce rtx 4060 ti,369.0,322.0,160.0,8.0,13462
2024,geforce rtx 4060 ti,373.0,321.0,160.0,8.0,13462
2024,geforce rtx 4060 ti,384.0,330.0,160.0,8.0,13462
2024,geforce rtx 3090,1848.0,670.0,350.0,24.0,19901
2024,geforce rtx 3090,2026.0,698.0,350.0,24.0,19901
2024,geforce rtx 3090,0.0,664.0,350.0,24.0,19901
2024,geforce rtx 3090,2070.0,493.0,350.0,24.0,19901
2024,geforce rtx 4060,294.0,299.0,115.0,8.0,10630
2024,geforce rtx 4060,294.0,278.0,115.0,8.0,10630
2024,geforce rtx 4060,293.0,290.0,115.0,8.0,10630
2024,geforce rtx 4060,295.0,290.0,115.0,8.0,10630
2024,geforce rtx 4060,295.0,281.0,115.0,8.0,10630
2024,geforce rtx 4070 super,590.0,598.0,220.0,12.0,21214
2024,geforce rtx 4060,293.0,277.0,115.0,8.0,10630
2024,geforce rtx 4060,285.0,263.0,115.0,8.0,10630
2024,geforce rtx 4060,292.0,259.0,115.0,8.0,10630
2024,geforce rtx 4060,295.0,262.0,115.0,8.0,10630
2024,geforce rtx 4060,291.0,273.0,115.0,8.0,10630
2024,geforce rtx 4060,295.0,258.0,115.0,8.0,10630
2024,geforce rtx 4060 ti,385.0,392.0,160.0,8.0,13462
2024,geforce rtx 4060 ti,376.0,365.0,160.0,8.0,13462
2024,geforce rtx 4060 ti,382.0,376.0,160.0,8.0,13462
2024,geforce rtx 4060 ti,381.0,357.0,160.0,8.0,13462
2024,geforce rtx 4060,293.0,271.0,115.0,8.0,10630
2024,geforce rtx 3090,1840.0,638.0,350.0,24.0,19901
2024,geforce rtx 4070 super,592.0,552.0,220.0,12.0,21214
2024,geforce rtx 4070 super,582.0,542.0,220.0,12.0,21214
2024,geforce rtx 4070 ti super,795.0,857.0,285.0,16.0,24426
2024,geforce rtx 4070 ti super,795.0,822.0,285.0,16.0,24426
2024,geforce rtx 4070 ti super,799.0,782.0,285.0,16.0,24426
2024,geforce rtx 4070 ti super,784.0,765.0,285.0,16.0,24426
2024,geforce rtx 4070 ti super,802.0,877.0,285.0,16.0,24426
2024,geforce rtx 4080 super,1076.0,1095.0,320.0,16.0,28531
2024,geforce rtx 4080 super,1036.0,1039.0,320.0,16.0,28531
2024,geforce rtx 4080 super,993.0,1119.0,320.0,16.0,28531
2024,geforce rtx 4080 super,971.0,952.0,320.0,16.0,28531
2024,geforce rtx 4080 super,962.0,906.0,320.0,16.0,28531
2024,geforce rtx 4080 super,958.0,911.0,320.0,16.0,28531
2024,geforce rtx 4080 super,964.0,967.0,320.0,16.0,28531
2024,geforce rtx 4080 super,996.0,968.0,320.0,16.0,28531
2024,geforce rtx 4080 super,995.0,960.0,320.0,16.0,28531
2024,geforce rtx 4080 super,1264.0,1267.0,320.0,16.0,28531
2024,geforce rtx 4090,1969.0,1812.0,450.0,24.0,35966
2024,geforce rtx 4090,1889.0,1720.0,450.0,24.0,35966
2024,geforce rtx 4090,1897.0,1706.0,450.0,24.0,35966
2024,geforce rtx 4090,1814.0,1584.0,450.0,24.0,35966
2024,geforce rtx 4070 ti super,782.0,918.0,285.0,16.0,24426
2024,geforce rtx 4070 ti super,788.0,777.0,285.0,16.0,24426
2024,geforce rtx 4070 ti super,791.0,749.0,285.0,16.0,24426
2024,geforce rtx 4070 ti super,796.0,751.0,285.0,16.0,24426
2024,geforce rtx 4070 super,581.0,545.0,220.0,12.0,21214
2024,geforce rtx 4070 super,591.0,697.0,220.0,12.0,21214
2024,geforce rtx 4070 super,595.0,571.0,220.0,12.0,21214
2024,geforce rtx 4070 super,595.0,529.0,220.0,12.0,21214
2024,geforce rtx 4070 super,599.0,613.0,220.0,12.0,21214
2024,geforce rtx 4070 ti,757.0,695.0,285.0,12.0,22706
2024,geforce rtx 4070 ti,743.0,654.0,285.0,12.0,22706
2024,geforce rtx 4070 ti,713.0,636.0,285.0,12.0,22706
2024,geforce rtx 4070 ti,740.0,618.0,285.0,12.0,22706
2024,geforce rtx 4070 super,584.0,569.0,220.0,12.0,21214
2024,geforce rtx 4070 ti,768.0,595.0,285.0,12.0,22706
2024,geforce rtx 4070 ti,762.0,582.0,285.0,12.0,22706
2024,geforce rtx 4070 ti,757.0,592.0,285.0,12.0,22706
2024,geforce rtx 4070 ti,738.0,604.0,285.0,12.0,22706
2024,geforce rtx 4070 ti,779.0,615.0,285.0,12.0,22706
2024,geforce rtx 4070 ti,829.0,608.0,285.0,12.0,22706
2024,geforce rtx 4070 ti,834.0,484.0,285.0,12.0,22706
2024,geforce rtx 4070 ti super,782.0,0.0,285.0,16.0,24426
2024,geforce rtx 4070 ti super,799.0,0.0,285.0,16.0,24426
2024,geforce rtx 4070 ti super,807.0,749.0,285.0,16.0,24426
2024,geforce rtx 4070 ti,769.0,582.0,285.0,12.0,22706
2024,radeon rx 7900 xtx,894.0,677.0,355.0,24.0,29246
